,$,private,public,id,dot,rpar,lpar,float,integer,semi,return,write,read,while,else,then,if,rcurbr,lcurbr,minus,plus,void,comma,geq,leq,gt,lt,neq,eq,isa,and,div,mult,colon,attribute,constructor,arrow,function,localvar,rsqbr,lsqbr,sr,not,floatlit,intlit,class,equal,or
START,START → SEMACTCREATEEPSILON REPTSTART0 SEMACTCREATEROOT,,,,,,,,,,,,,,,,,,,,,,,,,,,,,,,,,,,,,START → SEMACTCREATEEPSILON REPTSTART0 SEMACTCREATEROOT,,,,,,,,START → SEMACTCREATEEPSILON REPTSTART0 SEMACTCREATEROOT,,
ADDOP,,,,,,,,,,,,,,,,,,,,ADDOP → minus,ADDOP → plus,,,,,,,,,,,,,,,,,,,,,,,,,,,ADDOP → or
APARAMS,,,,APARAMS → EXPR REPTAPARAMS1,,APARAMS → &epsilon,APARAMS → EXPR REPTAPARAMS1,,,,,,,,,,,,,APARAMS → EXPR REPTAPARAMS1,APARAMS → EXPR REPTAPARAMS1,,,,,,,,,,,,,,,,,,,,,,APARAMS → EXPR REPTAPARAMS1,APARAMS → EXPR REPTAPARAMS1,APARAMS → EXPR REPTAPARAMS1,,,
APARAMSTAIL,,,,,,,,,,,,,,,,,,,,,,,APARAMSTAIL → comma EXPR,,,,,,,,,,,,,,,,,,,,,,,,,
ARITHEXPR,,,,ARITHEXPR → TERM RIGHTRECARITHEXPR,,,ARITHEXPR → TERM RIGHTRECARITHEXPR,,,,,,,,,,,,,ARITHEXPR → TERM RIGHTRECARITHEXPR,ARITHEXPR → TERM RIGHTRECARITHEXPR,,,,,,,,,,,,,,,,,,,,,,ARITHEXPR → TERM RIGHTRECARITHEXPR,ARITHEXPR → TERM RIGHTRECARITHEXPR,ARITHEXPR → TERM RIGHTRECARITHEXPR,,,
ARITHEXPRFL,,,,,,ARITHEXPRFL → &epsilon,,,,,,,,,,,,,,,,,ARITHEXPRFL → &epsilon,,,,,,,,,,,,,,,,,,,,,,,,,
ARRAYSIZE,,,,,,,,,,,,,,,,,,,,,,,,,,,,,,,,,,,,,,,,,ARRAYSIZE → lsqbr ARRAYSIZEFL,,,,,,,
ARRAYSIZEFL,,,,,,,,,,,,,,,,,,,,,,,,,,,,,,,,,,,,,,,,ARRAYSIZEFL → SEMACTCREATEDIMEMPTY rsqbr,,,,,ARRAYSIZEFL → intlit SEMACTCREATEDIM rsqbr,,,
ASSIGNOP,,,,,,,,,,,,,,,,,,,,,,,,,,,,,,,,,,,,,,,,,,,,,,,ASSIGNOP → equal,
ASSIGNSTATORFUNCTIONCALL,,,,ASSIGNSTATORFUNCTIONCALL → id SEMACTCREATEID ASSIGNSTATORFUNCTIONCALLINNER semi,,,,,,,,,,,,,,,,,,,,,,,,,,,,,,,,,,,,,,,,,,,,
ASSIGNSTATORFUNCTIONCALLASSIGNSTATFL,,,,,ASSIGNSTATORFUNCTIONCALLASSIGNSTATFL → dot id SEMACTCREATEID ASSIGNSTATORFUNCTIONCALLINNER SEMACTCREATEDOT,,,,,,,,,,,,,,,,,,,,,,,,,,,,,,,,,,,,,,,,,,ASSIGNSTATORFUNCTIONCALLASSIGNSTATFL → ASSIGNOP EXPR SEMACTCREATEASSIGNSTAT,
ASSIGNSTATORFUNCTIONCALLFUNCFL,,,,,ASSIGNSTATORFUNCTIONCALLFUNCFL → dot id SEMACTCREATEID ASSIGNSTATORFUNCTIONCALLINNER SEMACTCREATEDOT,,,,,ASSIGNSTATORFUNCTIONCALLFUNCFL → &epsilon,,,,,,,,,,,,,,,,,,,,,,,,,,,,,,,,,,,,,,
ASSIGNSTATORFUNCTIONCALLINNER,,,,,ASSIGNSTATORFUNCTIONCALLINNER → SEMACTCREATEEPSILON REPTIDNEST1 SEMACTCREATEINDEXLIST SEMACTCREATEDATAMEMBER ASSIGNSTATORFUNCTIONCALLASSIGNSTATFL,,ASSIGNSTATORFUNCTIONCALLINNER → lpar SEMACTCREATEEPSILON APARAMS SEMACTCREATEAPARAMS SEMACTCREATEFUNCCALL rpar ASSIGNSTATORFUNCTIONCALLFUNCFL,,,,,,,,,,,,,,,,,,,,,,,,,,,,,,,,,,ASSIGNSTATORFUNCTIONCALLINNER → SEMACTCREATEEPSILON REPTIDNEST1 SEMACTCREATEINDEXLIST SEMACTCREATEDATAMEMBER ASSIGNSTATORFUNCTIONCALLASSIGNSTATFL,,,,,,ASSIGNSTATORFUNCTIONCALLINNER → SEMACTCREATEEPSILON REPTIDNEST1 SEMACTCREATEINDEXLIST SEMACTCREATEDATAMEMBER ASSIGNSTATORFUNCTIONCALLASSIGNSTATFL,
CLASSDECL,,,,,,,,,,,,,,,,,,,,,,,,,,,,,,,,,,,,,,,,,,,,,,CLASSDECL → class id SEMACTCREATEID SEMACTCREATEEPSILON OPTCLASSDECL2 SEMACTCREATEINHERITLIST lcurbr SEMACTCREATEEPSILON REPTCLASSDECL4 SEMACTCREATEMEMBERDECLLIST rcurbr semi SEMACTCREATECLASSDECL,,
CLASSDECLORFUNCDEF,,,,,,,,,,,,,,,,,,,,,,,,,,,,,,,,,,,,,,CLASSDECLORFUNCDEF → FUNCDEF,,,,,,,,CLASSDECLORFUNCDEF → CLASSDECL,,
EXPR,,,,EXPR → ARITHEXPR EXPRFL,,,EXPR → ARITHEXPR EXPRFL,,,,,,,,,,,,,EXPR → ARITHEXPR EXPRFL,EXPR → ARITHEXPR EXPRFL,,,,,,,,,,,,,,,,,,,,,,EXPR → ARITHEXPR EXPRFL,EXPR → ARITHEXPR EXPRFL,EXPR → ARITHEXPR EXPRFL,,,
EXPRFL,,,,,,EXPRFL → ARITHEXPRFL,,,,,,,,,,,,,,,,,EXPRFL → ARITHEXPRFL,EXPRFL → RELOP SEMACTCREATEREL ARITHEXPR SEMACTCREATERELOP,EXPRFL → RELOP SEMACTCREATEREL ARITHEXPR SEMACTCREATERELOP,EXPRFL → RELOP SEMACTCREATEREL ARITHEXPR SEMACTCREATERELOP,EXPRFL → RELOP SEMACTCREATEREL ARITHEXPR SEMACTCREATERELOP,EXPRFL → RELOP SEMACTCREATEREL ARITHEXPR SEMACTCREATERELOP,EXPRFL → RELOP SEMACTCREATEREL ARITHEXPR SEMACTCREATERELOP,,,,,,,,,,,,,,,,,,,
FACTOR,,,,FACTOR → VARORFUNCTIONCALL,,,FACTOR → lpar ARITHEXPR rpar,,,,,,,,,,,,,FACTOR → SIGN SEMACTCREATESIGNVAL FACTOR SEMACTCREATESIGN,FACTOR → SIGN SEMACTCREATESIGNVAL FACTOR SEMACTCREATESIGN,,,,,,,,,,,,,,,,,,,,,,FACTOR → not FACTOR SEMACTCREATENOT,FACTOR → floatlit SEMACTCREATENUMBER,FACTOR → intlit SEMACTCREATENUMBER,,,
FPARAMS,,,,FPARAMS → SEMACTCREATEEPSILON id SEMACTCREATEID colon TYPE SEMACTCREATETYPE SEMACTCREATEEPSILON REPTFPARAMS3 SEMACTCREATEDIMLIST SEMACTCREATEFPARAM REPTFPARAMS4 SEMACTCREATEFPARAMSLIST,,FPARAMS → &epsilon,,,,,,,,,,,,,,,,,,,,,,,,,,,,,,,,,,,,,,,,,,
FPARAMSTAIL,,,,,,,,,,,,,,,,,,,,,,,FPARAMSTAIL → comma id SEMACTCREATEID colon TYPE SEMACTCREATETYPE SEMACTCREATEEPSILON REPTFPARAMSTAIL4 SEMACTCREATEDIMLIST SEMACTCREATEFPARAM,,,,,,,,,,,,,,,,,,,,,,,,,
FUNCBODY,,,,,,,,,,,,,,,,,,,FUNCBODY → lcurbr SEMACTCREATEEPSILON REPTFUNCBODY1 rcurbr SEMACTCREATEFUNCBODYLIST,,,,,,,,,,,,,,,,,,,,,,,,,,,,,
FUNCDEF,,,,,,,,,,,,,,,,,,,,,,,,,,,,,,,,,,,,,,FUNCDEF → FUNCHEAD SEMACTMIGRATETOFUNCDEF FUNCBODY SEMACTAPPENDTOFUNCDEF,,,,,,,,,,
FUNCHEAD,,,,,,,,,,,,,,,,,,,,,,,,,,,,,,,,,,,,,,FUNCHEAD → SEMACTCREATEEPSILON function id SEMACTCREATEID FUNCHEADFL1,,,,,,,,,,
FUNCHEADFL1,,,,,,,FUNCHEADFL1 → lpar FPARAMS rpar arrow RETURNTYPE SEMACTCREATERETURNTYPE SEMACTCREATEFUNCHEAD,,,,,,,,,,,,,,,,,,,,,,,,,,,,,,,,,,,FUNCHEADFL1 → sr FUNCHEADFL2,,,,,,
FUNCHEADFL2,,,,FUNCHEADFL2 → id SEMACTCREATESCOPE lpar FPARAMS rpar arrow RETURNTYPE SEMACTCREATERETURNTYPE SEMACTCREATEFUNCHEAD,,,,,,,,,,,,,,,,,,,,,,,,,,,,,,,,FUNCHEADFL2 → constructor SEMACTCREATESCOPE lpar FPARAMS rpar SEMACTCREATEFUNCHEAD,,,,,,,,,,,,
INDICE,,,,,,,,,,,,,,,,,,,,,,,,,,,,,,,,,,,,,,,,,INDICE → lsqbr ARITHEXPR rsqbr,,,,,,,
LOCALVARDECL,,,,,,,,,,,,,,,,,,,,,,,,,,,,,,,,,,,,,,,LOCALVARDECL → localvar id SEMACTCREATEID colon TYPE SEMACTCREATETYPE LOCALVARDECLINNER semi SEMACTCREATEVARDECL,,,,,,,,,
LOCALVARDECLINNER,,,,,,,LOCALVARDECLINNER → lpar SEMACTCREATEEPSILON APARAMS SEMACTCREATEAPARAMS rpar,,,LOCALVARDECLINNER → SEMACTCREATEEPSILON REPTLOCALVARDECL4 SEMACTCREATEDIMLIST,,,,,,,,,,,,,,,,,,,,,,,,,,,,,,,LOCALVARDECLINNER → SEMACTCREATEEPSILON REPTLOCALVARDECL4 SEMACTCREATEDIMLIST,,,,,,,
LOCALVARDECLORSTMT,,,,LOCALVARDECLORSTMT → STATEMENT,,,,,,,LOCALVARDECLORSTMT → STATEMENT,LOCALVARDECLORSTMT → STATEMENT,LOCALVARDECLORSTMT → STATEMENT,LOCALVARDECLORSTMT → STATEMENT,,,LOCALVARDECLORSTMT → STATEMENT,,,,,,,,,,,,,,,,,,,,,,LOCALVARDECLORSTMT → LOCALVARDECL,,,,,,,,,
MEMBERDECL,,,,,,,,,,,,,,,,,,,,,,,,,,,,,,,,,,,MEMBERDECL → MEMBERVARDECL,MEMBERDECL → MEMBERFUNCDECL,,MEMBERDECL → MEMBERFUNCDECL,,,,,,,,,,
MEMBERFUNCDECL,,,,,,,,,,,,,,,,,,,,,,,,,,,,,,,,,,,,MEMBERFUNCDECL → constructor colon lpar FPARAMS rpar semi SEMACTCREATEMEMBCONSTRDECL,,MEMBERFUNCDECL → function id SEMACTCREATEID colon lpar FPARAMS rpar arrow RETURNTYPE SEMACTCREATERETURNTYPE semi SEMACTCREATMEMBERFUNCDECL,,,,,,,,,,
MEMBERVARDECL,,,,,,,,,,,,,,,,,,,,,,,,,,,,,,,,,,,MEMBERVARDECL → attribute id SEMACTCREATEID colon TYPE SEMACTCREATETYPE SEMACTCREATEEPSILON REPTMEMBERVARDECL4 SEMACTCREATEDIMLIST semi SEMACTCREATEMEMBVARDECL,,,,,,,,,,,,,
MULTOP,,,,,,,,,,,,,,,,,,,,,,,,,,,,,,,MULTOP → and,MULTOP → div,MULTOP → mult,,,,,,,,,,,,,,,
OPTCLASSDECL2,,,,,,,,,,,,,,,,,,,OPTCLASSDECL2 → &epsilon,,,,,,,,,,,OPTCLASSDECL2 → isa id SEMACTCREATEID REPTOPTCLASSDECL22,,,,,,,,,,,,,,,,,,
RELEXPR,,,,RELEXPR → ARITHEXPR RELOP SEMACTCREATEREL ARITHEXPR SEMACTCREATERELOP,,,RELEXPR → ARITHEXPR RELOP SEMACTCREATEREL ARITHEXPR SEMACTCREATERELOP,,,,,,,,,,,,,RELEXPR → ARITHEXPR RELOP SEMACTCREATEREL ARITHEXPR SEMACTCREATERELOP,RELEXPR → ARITHEXPR RELOP SEMACTCREATEREL ARITHEXPR SEMACTCREATERELOP,,,,,,,,,,,,,,,,,,,,,,RELEXPR → ARITHEXPR RELOP SEMACTCREATEREL ARITHEXPR SEMACTCREATERELOP,RELEXPR → ARITHEXPR RELOP SEMACTCREATEREL ARITHEXPR SEMACTCREATERELOP,RELEXPR → ARITHEXPR RELOP SEMACTCREATEREL ARITHEXPR SEMACTCREATERELOP,,,
RELOP,,,,,,,,,,,,,,,,,,,,,,,,RELOP → geq,RELOP → leq,RELOP → gt,RELOP → lt,RELOP → neq,RELOP → eq,,,,,,,,,,,,,,,,,,,
REPTAPARAMS1,,,,,,REPTAPARAMS1 → &epsilon,,,,,,,,,,,,,,,,,REPTAPARAMS1 → APARAMSTAIL REPTAPARAMS1,,,,,,,,,,,,,,,,,,,,,,,,,
REPTCLASSDECL4,,REPTCLASSDECL4 → VISIBILITY SEMACTCREATEVISIBILITY MEMBERDECL REPTCLASSDECL4,REPTCLASSDECL4 → VISIBILITY SEMACTCREATEVISIBILITY MEMBERDECL REPTCLASSDECL4,,,,,,,,,,,,,,,REPTCLASSDECL4 → &epsilon,,,,,,,,,,,,,,,,,REPTCLASSDECL4 → VISIBILITY SEMACTCREATEVISIBILITY MEMBERDECL REPTCLASSDECL4,REPTCLASSDECL4 → VISIBILITY SEMACTCREATEVISIBILITY MEMBERDECL REPTCLASSDECL4,,REPTCLASSDECL4 → VISIBILITY SEMACTCREATEVISIBILITY MEMBERDECL REPTCLASSDECL4,,,,,,,,,,
REPTFPARAMS3,,,,,,REPTFPARAMS3 → &epsilon,,,,,,,,,,,,,,,,,REPTFPARAMS3 → &epsilon,,,,,,,,,,,,,,,,,,REPTFPARAMS3 → ARRAYSIZE REPTFPARAMS3,,,,,,,
REPTFPARAMS4,,,,,,REPTFPARAMS4 → &epsilon,,,,,,,,,,,,,,,,,REPTFPARAMS4 → FPARAMSTAIL REPTFPARAMS4,,,,,,,,,,,,,,,,,,,,,,,,,
REPTFPARAMSTAIL4,,,,,,REPTFPARAMSTAIL4 → &epsilon,,,,,,,,,,,,,,,,,REPTFPARAMSTAIL4 → &epsilon,,,,,,,,,,,,,,,,,,REPTFPARAMSTAIL4 → ARRAYSIZE REPTFPARAMSTAIL4,,,,,,,
REPTFUNCBODY1,,,,REPTFUNCBODY1 → LOCALVARDECLORSTMT REPTFUNCBODY1,,,,,,,REPTFUNCBODY1 → LOCALVARDECLORSTMT REPTFUNCBODY1,REPTFUNCBODY1 → LOCALVARDECLORSTMT REPTFUNCBODY1,REPTFUNCBODY1 → LOCALVARDECLORSTMT REPTFUNCBODY1,REPTFUNCBODY1 → LOCALVARDECLORSTMT REPTFUNCBODY1,,,REPTFUNCBODY1 → LOCALVARDECLORSTMT REPTFUNCBODY1,REPTFUNCBODY1 → &epsilon,,,,,,,,,,,,,,,,,,,,,REPTFUNCBODY1 → LOCALVARDECLORSTMT REPTFUNCBODY1,,,,,,,,,
REPTIDNEST1,,,,,REPTIDNEST1 → &epsilon,REPTIDNEST1 → &epsilon,,,,,,,,,,,,,,REPTIDNEST1 → &epsilon,REPTIDNEST1 → &epsilon,,REPTIDNEST1 → &epsilon,REPTIDNEST1 → &epsilon,REPTIDNEST1 → &epsilon,REPTIDNEST1 → &epsilon,REPTIDNEST1 → &epsilon,REPTIDNEST1 → &epsilon,REPTIDNEST1 → &epsilon,,REPTIDNEST1 → &epsilon,REPTIDNEST1 → &epsilon,REPTIDNEST1 → &epsilon,,,,,,,REPTIDNEST1 → &epsilon,REPTIDNEST1 → INDICE REPTIDNEST1,,,,,,REPTIDNEST1 → &epsilon,REPTIDNEST1 → &epsilon
REPTLOCALVARDECL4,,,,,,,,,,REPTLOCALVARDECL4 → &epsilon,,,,,,,,,,,,,,,,,,,,,,,,,,,,,,,REPTLOCALVARDECL4 → ARRAYSIZE REPTLOCALVARDECL4,,,,,,,
REPTMEMBERVARDECL4,,,,,,,,,,REPTMEMBERVARDECL4 → &epsilon,,,,,,,,,,,,,,,,,,,,,,,,,,,,,,,REPTMEMBERVARDECL4 → ARRAYSIZE REPTMEMBERVARDECL4,,,,,,,
REPTOPTCLASSDECL22,,,,,,,,,,,,,,,,,,,REPTOPTCLASSDECL22 → &epsilon,,,,REPTOPTCLASSDECL22 → comma id SEMACTCREATEID REPTOPTCLASSDECL22,,,,,,,,,,,,,,,,,,,,,,,,,
REPTSTART0,REPTSTART0 → &epsilon,,,,,,,,,,,,,,,,,,,,,,,,,,,,,,,,,,,,,REPTSTART0 → CLASSDECLORFUNCDEF REPTSTART0,,,,,,,,REPTSTART0 → CLASSDECLORFUNCDEF REPTSTART0,,
REPTSTATBLOCK1,,,,REPTSTATBLOCK1 → STATEMENT REPTSTATBLOCK1,,,,,,,REPTSTATBLOCK1 → STATEMENT REPTSTATBLOCK1,REPTSTATBLOCK1 → STATEMENT REPTSTATBLOCK1,REPTSTATBLOCK1 → STATEMENT REPTSTATBLOCK1,REPTSTATBLOCK1 → STATEMENT REPTSTATBLOCK1,,,REPTSTATBLOCK1 → STATEMENT REPTSTATBLOCK1,REPTSTATBLOCK1 → &epsilon,,,,,,,,,,,,,,,,,,,,,,,,,,,,,,
RETURNTYPE,,,,RETURNTYPE → TYPE,,,,RETURNTYPE → TYPE,RETURNTYPE → TYPE,,,,,,,,,,,,,RETURNTYPE → void,,,,,,,,,,,,,,,,,,,,,,,,,,
RIGHTRECARITHEXPR,,,,,,RIGHTRECARITHEXPR → &epsilon,,,,,,,,,,,,,,RIGHTRECARITHEXPR → ADDOP SEMACTCREATEADD TERM SEMACTCREATEADDOP RIGHTRECARITHEXPR,RIGHTRECARITHEXPR → ADDOP SEMACTCREATEADD TERM SEMACTCREATEADDOP RIGHTRECARITHEXPR,,RIGHTRECARITHEXPR → &epsilon,RIGHTRECARITHEXPR → &epsilon,RIGHTRECARITHEXPR → &epsilon,RIGHTRECARITHEXPR → &epsilon,RIGHTRECARITHEXPR → &epsilon,RIGHTRECARITHEXPR → &epsilon,RIGHTRECARITHEXPR → &epsilon,,,,,,,,,,,RIGHTRECARITHEXPR → &epsilon,,,,,,,,RIGHTRECARITHEXPR → ADDOP SEMACTCREATEADD TERM SEMACTCREATEADDOP RIGHTRECARITHEXPR
RIGHTRECTERM,,,,,,RIGHTRECTERM → &epsilon,,,,,,,,,,,,,,RIGHTRECTERM → &epsilon,RIGHTRECTERM → &epsilon,,RIGHTRECTERM → &epsilon,RIGHTRECTERM → &epsilon,RIGHTRECTERM → &epsilon,RIGHTRECTERM → &epsilon,RIGHTRECTERM → &epsilon,RIGHTRECTERM → &epsilon,RIGHTRECTERM → &epsilon,,RIGHTRECTERM → MULTOP SEMACTCREATEMULT FACTOR SEMACTCREATEMULTOP RIGHTRECTERM,RIGHTRECTERM → MULTOP SEMACTCREATEMULT FACTOR SEMACTCREATEMULTOP RIGHTRECTERM,RIGHTRECTERM → MULTOP SEMACTCREATEMULT FACTOR SEMACTCREATEMULTOP RIGHTRECTERM,,,,,,,RIGHTRECTERM → &epsilon,,,,,,,,RIGHTRECTERM → &epsilon
SIGN,,,,,,,,,,,,,,,,,,,,SIGN → minus,SIGN → plus,,,,,,,,,,,,,,,,,,,,,,,,,,,
STATBLOCK,,,,STATBLOCK → STATEMENT,,,,,,STATBLOCK → &epsilon,STATBLOCK → STATEMENT,STATBLOCK → STATEMENT,STATBLOCK → STATEMENT,STATBLOCK → STATEMENT,STATBLOCK → &epsilon,,STATBLOCK → STATEMENT,,STATBLOCK → lcurbr REPTSTATBLOCK1 rcurbr,,,,,,,,,,,,,,,,,,,,,,,,,,,,,
STATEMENT,,,,STATEMENT → ASSIGNSTATORFUNCTIONCALL,,,,,,,STATEMENT → return lpar EXPR rpar semi SEMACTCREATERETURNSTMT,STATEMENT → write lpar EXPR rpar semi SEMACTCREATEWRITESTMT,STATEMENT → read lpar VARIABLE rpar semi SEMACTCREATEREADSTMT,STATEMENT → while lpar RELEXPR rpar SEMACTCREATEEPSILON STATBLOCK SEMACTCREATESTATBLOCK semi SEMACTCREATEWHILESTMT,,,STATEMENT → if lpar RELEXPR rpar then SEMACTCREATEEPSILON STATBLOCK SEMACTCREATESTATBLOCK else SEMACTCREATEEPSILON STATBLOCK SEMACTCREATESTATBLOCK semi SEMACTCREATEIFSTMT,,,,,,,,,,,,,,,,,,,,,,,,,,,,,,,
TERM,,,,TERM → FACTOR RIGHTRECTERM,,,TERM → FACTOR RIGHTRECTERM,,,,,,,,,,,,,TERM → FACTOR RIGHTRECTERM,TERM → FACTOR RIGHTRECTERM,,,,,,,,,,,,,,,,,,,,,,TERM → FACTOR RIGHTRECTERM,TERM → FACTOR RIGHTRECTERM,TERM → FACTOR RIGHTRECTERM,,,
TYPE,,,,TYPE → id,,,,TYPE → float,TYPE → integer,,,,,,,,,,,,,,,,,,,,,,,,,,,,,,,,,,,,,,,
VARIABLE,,,,VARIABLE → id SEMACTCREATEID VARIABLEINNER,,,,,,,,,,,,,,,,,,,,,,,,,,,,,,,,,,,,,,,,,,,,
VARIABLEFL,,,,,VARIABLEFL → dot id SEMACTCREATEID VARIABLEINNER SEMACTCREATEDOT,VARIABLEFL → &epsilon,,,,,,,,,,,,,,,,,,,,,,,,,,,,,,,,,,,,,,,,,,
VARIABLEINNER,,,,,VARIABLEINNER → SEMACTCREATEEPSILON REPTIDNEST1 SEMACTCREATEINDEXLIST SEMACTCREATEDATAMEMBER VARIABLEFL,VARIABLEINNER → SEMACTCREATEEPSILON REPTIDNEST1 SEMACTCREATEINDEXLIST SEMACTCREATEDATAMEMBER VARIABLEFL,VARIABLEINNER → lpar SEMACTCREATEEPSILON APARAMS SEMACTCREATEAPARAMS rpar SEMACTCREATEFUNCCALL dot id SEMACTCREATEID VARIABLEINNER SEMACTCREATEDOT,,,,,,,,,,,,,,,,,,,,,,,,,,,,,,,,,,VARIABLEINNER → SEMACTCREATEEPSILON REPTIDNEST1 SEMACTCREATEINDEXLIST SEMACTCREATEDATAMEMBER VARIABLEFL,,,,,,,
VARORFUNCTIONCALL,,,,VARORFUNCTIONCALL → id SEMACTCREATEID VARORFUNCTIONCALLINNER,,,,,,,,,,,,,,,,,,,,,,,,,,,,,,,,,,,,,,,,,,,,
VARORFUNCTIONCALLFUNCCALLFL,,,,,VARORFUNCTIONCALLFUNCCALLFL → dot id SEMACTCREATEID VARORFUNCTIONCALLINNER SEMACTCREATEDOT,VARORFUNCTIONCALLFUNCCALLFL → &epsilon,,,,,,,,,,,,,,VARORFUNCTIONCALLFUNCCALLFL → &epsilon,VARORFUNCTIONCALLFUNCCALLFL → &epsilon,,VARORFUNCTIONCALLFUNCCALLFL → &epsilon,VARORFUNCTIONCALLFUNCCALLFL → &epsilon,VARORFUNCTIONCALLFUNCCALLFL → &epsilon,VARORFUNCTIONCALLFUNCCALLFL → &epsilon,VARORFUNCTIONCALLFUNCCALLFL → &epsilon,VARORFUNCTIONCALLFUNCCALLFL → &epsilon,VARORFUNCTIONCALLFUNCCALLFL → &epsilon,,VARORFUNCTIONCALLFUNCCALLFL → &epsilon,VARORFUNCTIONCALLFUNCCALLFL → &epsilon,VARORFUNCTIONCALLFUNCCALLFL → &epsilon,,,,,,,VARORFUNCTIONCALLFUNCCALLFL → &epsilon,,,,,,,,VARORFUNCTIONCALLFUNCCALLFL → &epsilon
VARORFUNCTIONCALLINNER,,,,,VARORFUNCTIONCALLINNER → SEMACTCREATEEPSILON REPTIDNEST1 SEMACTCREATEINDEXLIST SEMACTCREATEDATAMEMBER VARORFUNCTIONCALLVARFL,VARORFUNCTIONCALLINNER → SEMACTCREATEEPSILON REPTIDNEST1 SEMACTCREATEINDEXLIST SEMACTCREATEDATAMEMBER VARORFUNCTIONCALLVARFL,VARORFUNCTIONCALLINNER → lpar SEMACTCREATEEPSILON APARAMS SEMACTCREATEAPARAMS SEMACTCREATEFUNCCALL rpar VARORFUNCTIONCALLFUNCCALLFL,,,,,,,,,,,,,VARORFUNCTIONCALLINNER → SEMACTCREATEEPSILON REPTIDNEST1 SEMACTCREATEINDEXLIST SEMACTCREATEDATAMEMBER VARORFUNCTIONCALLVARFL,VARORFUNCTIONCALLINNER → SEMACTCREATEEPSILON REPTIDNEST1 SEMACTCREATEINDEXLIST SEMACTCREATEDATAMEMBER VARORFUNCTIONCALLVARFL,,VARORFUNCTIONCALLINNER → SEMACTCREATEEPSILON REPTIDNEST1 SEMACTCREATEINDEXLIST SEMACTCREATEDATAMEMBER VARORFUNCTIONCALLVARFL,VARORFUNCTIONCALLINNER → SEMACTCREATEEPSILON REPTIDNEST1 SEMACTCREATEINDEXLIST SEMACTCREATEDATAMEMBER VARORFUNCTIONCALLVARFL,VARORFUNCTIONCALLINNER → SEMACTCREATEEPSILON REPTIDNEST1 SEMACTCREATEINDEXLIST SEMACTCREATEDATAMEMBER VARORFUNCTIONCALLVARFL,VARORFUNCTIONCALLINNER → SEMACTCREATEEPSILON REPTIDNEST1 SEMACTCREATEINDEXLIST SEMACTCREATEDATAMEMBER VARORFUNCTIONCALLVARFL,VARORFUNCTIONCALLINNER → SEMACTCREATEEPSILON REPTIDNEST1 SEMACTCREATEINDEXLIST SEMACTCREATEDATAMEMBER VARORFUNCTIONCALLVARFL,VARORFUNCTIONCALLINNER → SEMACTCREATEEPSILON REPTIDNEST1 SEMACTCREATEINDEXLIST SEMACTCREATEDATAMEMBER VARORFUNCTIONCALLVARFL,VARORFUNCTIONCALLINNER → SEMACTCREATEEPSILON REPTIDNEST1 SEMACTCREATEINDEXLIST SEMACTCREATEDATAMEMBER VARORFUNCTIONCALLVARFL,,VARORFUNCTIONCALLINNER → SEMACTCREATEEPSILON REPTIDNEST1 SEMACTCREATEINDEXLIST SEMACTCREATEDATAMEMBER VARORFUNCTIONCALLVARFL,VARORFUNCTIONCALLINNER → SEMACTCREATEEPSILON REPTIDNEST1 SEMACTCREATEINDEXLIST SEMACTCREATEDATAMEMBER VARORFUNCTIONCALLVARFL,VARORFUNCTIONCALLINNER → SEMACTCREATEEPSILON REPTIDNEST1 SEMACTCREATEINDEXLIST SEMACTCREATEDATAMEMBER VARORFUNCTIONCALLVARFL,,,,,,,VARORFUNCTIONCALLINNER → SEMACTCREATEEPSILON REPTIDNEST1 SEMACTCREATEINDEXLIST SEMACTCREATEDATAMEMBER VARORFUNCTIONCALLVARFL,VARORFUNCTIONCALLINNER → SEMACTCREATEEPSILON REPTIDNEST1 SEMACTCREATEINDEXLIST SEMACTCREATEDATAMEMBER VARORFUNCTIONCALLVARFL,,,,,,,VARORFUNCTIONCALLINNER → SEMACTCREATEEPSILON REPTIDNEST1 SEMACTCREATEINDEXLIST SEMACTCREATEDATAMEMBER VARORFUNCTIONCALLVARFL
VARORFUNCTIONCALLVARFL,,,,,VARORFUNCTIONCALLVARFL → dot id SEMACTCREATEID VARORFUNCTIONCALLINNER SEMACTCREATEDOT,VARORFUNCTIONCALLVARFL → &epsilon,,,,,,,,,,,,,,VARORFUNCTIONCALLVARFL → &epsilon,VARORFUNCTIONCALLVARFL → &epsilon,,VARORFUNCTIONCALLVARFL → &epsilon,VARORFUNCTIONCALLVARFL → &epsilon,VARORFUNCTIONCALLVARFL → &epsilon,VARORFUNCTIONCALLVARFL → &epsilon,VARORFUNCTIONCALLVARFL → &epsilon,VARORFUNCTIONCALLVARFL → &epsilon,VARORFUNCTIONCALLVARFL → &epsilon,,VARORFUNCTIONCALLVARFL → &epsilon,VARORFUNCTIONCALLVARFL → &epsilon,VARORFUNCTIONCALLVARFL → &epsilon,,,,,,,VARORFUNCTIONCALLVARFL → &epsilon,,,,,,,,VARORFUNCTIONCALLVARFL → &epsilon
VISIBILITY,,VISIBILITY → private,VISIBILITY → public,,,,,,,,,,,,,,,,,,,,,,,,,,,,,,,,VISIBILITY → &epsilon,VISIBILITY → &epsilon,,VISIBILITY → &epsilon,,,,,,,,,,
SEMACTCREATEVISIBILITY,,,,,,,,,,,,,,,,,,,,,,,,,,,,,,,,,,,SEMACTCREATEVISIBILITY → &epsilon,SEMACTCREATEVISIBILITY → &epsilon,,SEMACTCREATEVISIBILITY → &epsilon,,,,,,,,,,
SEMACTCREATEDIMEMPTY,,,,,,,,,,,,,,,,,,,,,,,,,,,,,,,,,,,,,,,,SEMACTCREATEDIMEMPTY → &epsilon,,,,,,,,
SEMACTCREATEDIM,,,,,,,,,,,,,,,,,,,,,,,,,,,,,,,,,,,,,,,,SEMACTCREATEDIM → &epsilon,,,,,,,,
SEMACTCREATENUMBER,,,,,,SEMACTCREATENUMBER → &epsilon,,,,,,,,,,,,,,SEMACTCREATENUMBER → &epsilon,SEMACTCREATENUMBER → &epsilon,,SEMACTCREATENUMBER → &epsilon,SEMACTCREATENUMBER → &epsilon,SEMACTCREATENUMBER → &epsilon,SEMACTCREATENUMBER → &epsilon,SEMACTCREATENUMBER → &epsilon,SEMACTCREATENUMBER → &epsilon,SEMACTCREATENUMBER → &epsilon,,SEMACTCREATENUMBER → &epsilon,SEMACTCREATENUMBER → &epsilon,SEMACTCREATENUMBER → &epsilon,,,,,,,SEMACTCREATENUMBER → &epsilon,,,,,,,,SEMACTCREATENUMBER → &epsilon
SEMACTCREATEEPSILON,SEMACTCREATEEPSILON → &epsilon,SEMACTCREATEEPSILON → &epsilon,SEMACTCREATEEPSILON → &epsilon,SEMACTCREATEEPSILON → &epsilon,SEMACTCREATEEPSILON → &epsilon,SEMACTCREATEEPSILON → &epsilon,SEMACTCREATEEPSILON → &epsilon,,,SEMACTCREATEEPSILON → &epsilon,SEMACTCREATEEPSILON → &epsilon,SEMACTCREATEEPSILON → &epsilon,SEMACTCREATEEPSILON → &epsilon,SEMACTCREATEEPSILON → &epsilon,SEMACTCREATEEPSILON → &epsilon,,SEMACTCREATEEPSILON → &epsilon,SEMACTCREATEEPSILON → &epsilon,SEMACTCREATEEPSILON → &epsilon,SEMACTCREATEEPSILON → &epsilon,SEMACTCREATEEPSILON → &epsilon,,SEMACTCREATEEPSILON → &epsilon,SEMACTCREATEEPSILON → &epsilon,SEMACTCREATEEPSILON → &epsilon,SEMACTCREATEEPSILON → &epsilon,SEMACTCREATEEPSILON → &epsilon,SEMACTCREATEEPSILON → &epsilon,SEMACTCREATEEPSILON → &epsilon,SEMACTCREATEEPSILON → &epsilon,SEMACTCREATEEPSILON → &epsilon,SEMACTCREATEEPSILON → &epsilon,SEMACTCREATEEPSILON → &epsilon,,SEMACTCREATEEPSILON → &epsilon,SEMACTCREATEEPSILON → &epsilon,,SEMACTCREATEEPSILON → &epsilon,SEMACTCREATEEPSILON → &epsilon,SEMACTCREATEEPSILON → &epsilon,SEMACTCREATEEPSILON → &epsilon,,SEMACTCREATEEPSILON → &epsilon,SEMACTCREATEEPSILON → &epsilon,SEMACTCREATEEPSILON → &epsilon,SEMACTCREATEEPSILON → &epsilon,SEMACTCREATEEPSILON → &epsilon,SEMACTCREATEEPSILON → &epsilon
SEMACTCREATEID,,,,,SEMACTCREATEID → &epsilon,SEMACTCREATEID → &epsilon,SEMACTCREATEID → &epsilon,,,,,,,,,,,,SEMACTCREATEID → &epsilon,SEMACTCREATEID → &epsilon,SEMACTCREATEID → &epsilon,,SEMACTCREATEID → &epsilon,SEMACTCREATEID → &epsilon,SEMACTCREATEID → &epsilon,SEMACTCREATEID → &epsilon,SEMACTCREATEID → &epsilon,SEMACTCREATEID → &epsilon,SEMACTCREATEID → &epsilon,SEMACTCREATEID → &epsilon,SEMACTCREATEID → &epsilon,SEMACTCREATEID → &epsilon,SEMACTCREATEID → &epsilon,SEMACTCREATEID → &epsilon,,,,,,SEMACTCREATEID → &epsilon,SEMACTCREATEID → &epsilon,SEMACTCREATEID → &epsilon,,,,,SEMACTCREATEID → &epsilon,SEMACTCREATEID → &epsilon
SEMACTCREATESCOPE,,,,,,,SEMACTCREATESCOPE → &epsilon,,,,,,,,,,,,,,,,,,,,,,,,,,,,,,,,,,,,,,,,,
SEMACTCREATERETURNTYPE,,,,,,,,,,SEMACTCREATERETURNTYPE → &epsilon,,,,,,,,,SEMACTCREATERETURNTYPE → &epsilon,,,,,,,,,,,,,,,,,,,,,,,,,,,,,
SEMACTCREATETYPE,,,,,,SEMACTCREATETYPE → &epsilon,SEMACTCREATETYPE → &epsilon,,,SEMACTCREATETYPE → &epsilon,,,,,,,,,,,,,SEMACTCREATETYPE → &epsilon,,,,,,,,,,,,,,,,,,SEMACTCREATETYPE → &epsilon,,,,,,,
SEMACTCREATEMULT,,,,SEMACTCREATEMULT → &epsilon,,,SEMACTCREATEMULT → &epsilon,,,,,,,,,,,,,SEMACTCREATEMULT → &epsilon,SEMACTCREATEMULT → &epsilon,,,,,,,,,,,,,,,,,,,,,,SEMACTCREATEMULT → &epsilon,SEMACTCREATEMULT → &epsilon,SEMACTCREATEMULT → &epsilon,,,
SEMACTCREATEADD,,,,SEMACTCREATEADD → &epsilon,,,SEMACTCREATEADD → &epsilon,,,,,,,,,,,,,SEMACTCREATEADD → &epsilon,SEMACTCREATEADD → &epsilon,,,,,,,,,,,,,,,,,,,,,,SEMACTCREATEADD → &epsilon,SEMACTCREATEADD → &epsilon,SEMACTCREATEADD → &epsilon,,,
SEMACTCREATEREL,,,,SEMACTCREATEREL → &epsilon,,,SEMACTCREATEREL → &epsilon,,,,,,,,,,,,,SEMACTCREATEREL → &epsilon,SEMACTCREATEREL → &epsilon,,,,,,,,,,,,,,,,,,,,,,SEMACTCREATEREL → &epsilon,SEMACTCREATEREL → &epsilon,SEMACTCREATEREL → &epsilon,,,
SEMACTCREATESIGNVAL,,,,SEMACTCREATESIGNVAL → &epsilon,,,SEMACTCREATESIGNVAL → &epsilon,,,,,,,,,,,,,SEMACTCREATESIGNVAL → &epsilon,SEMACTCREATESIGNVAL → &epsilon,,,,,,,,,,,,,,,,,,,,,,SEMACTCREATESIGNVAL → &epsilon,SEMACTCREATESIGNVAL → &epsilon,SEMACTCREATESIGNVAL → &epsilon,,,
SEMACTCREATEMULTOP,,,,,,SEMACTCREATEMULTOP → &epsilon,,,,,,,,,,,,,,SEMACTCREATEMULTOP → &epsilon,SEMACTCREATEMULTOP → &epsilon,,SEMACTCREATEMULTOP → &epsilon,SEMACTCREATEMULTOP → &epsilon,SEMACTCREATEMULTOP → &epsilon,SEMACTCREATEMULTOP → &epsilon,SEMACTCREATEMULTOP → &epsilon,SEMACTCREATEMULTOP → &epsilon,SEMACTCREATEMULTOP → &epsilon,,SEMACTCREATEMULTOP → &epsilon,SEMACTCREATEMULTOP → &epsilon,SEMACTCREATEMULTOP → &epsilon,,,,,,,SEMACTCREATEMULTOP → &epsilon,,,,,,,,SEMACTCREATEMULTOP → &epsilon
SEMACTCREATEADDOP,,,,,,SEMACTCREATEADDOP → &epsilon,,,,,,,,,,,,,,SEMACTCREATEADDOP → &epsilon,SEMACTCREATEADDOP → &epsilon,,SEMACTCREATEADDOP → &epsilon,SEMACTCREATEADDOP → &epsilon,SEMACTCREATEADDOP → &epsilon,SEMACTCREATEADDOP → &epsilon,SEMACTCREATEADDOP → &epsilon,SEMACTCREATEADDOP → &epsilon,SEMACTCREATEADDOP → &epsilon,,,,,,,,,,,SEMACTCREATEADDOP → &epsilon,,,,,,,,SEMACTCREATEADDOP → &epsilon
SEMACTCREATERELOP,,,,,,SEMACTCREATERELOP → &epsilon,,,,,,,,,,,,,,,,,SEMACTCREATERELOP → &epsilon,,,,,,,,,,,,,,,,,,,,,,,,,
SEMACTCREATESIGN,,,,,,SEMACTCREATESIGN → &epsilon,,,,,,,,,,,,,,SEMACTCREATESIGN → &epsilon,SEMACTCREATESIGN → &epsilon,,SEMACTCREATESIGN → &epsilon,SEMACTCREATESIGN → &epsilon,SEMACTCREATESIGN → &epsilon,SEMACTCREATESIGN → &epsilon,SEMACTCREATESIGN → &epsilon,SEMACTCREATESIGN → &epsilon,SEMACTCREATESIGN → &epsilon,,SEMACTCREATESIGN → &epsilon,SEMACTCREATESIGN → &epsilon,SEMACTCREATESIGN → &epsilon,,,,,,,SEMACTCREATESIGN → &epsilon,,,,,,,,SEMACTCREATESIGN → &epsilon
SEMACTCREATEROOT,SEMACTCREATEROOT → &epsilon,,,,,,,,,,,,,,,,,,,,,,,,,,,,,,,,,,,,,,,,,,,,,,,
SEMACTCREATEINHERITLIST,,,,,,,,,,,,,,,,,,,SEMACTCREATEINHERITLIST → &epsilon,,,,,,,,,,,,,,,,,,,,,,,,,,,,,
SEMACTCREATEMEMBERDECLLIST,,,,,,,,,,,,,,,,,,SEMACTCREATEMEMBERDECLLIST → &epsilon,,,,,,,,,,,,,,,,,,,,,,,,,,,,,,
SEMACTCREATECLASSDECL,SEMACTCREATECLASSDECL → &epsilon,,,,,,,,,,,,,,,,,,,,,,,,,,,,,,,,,,,,,SEMACTCREATECLASSDECL → &epsilon,,,,,,,,SEMACTCREATECLASSDECL → &epsilon,,
SEMACTCREATEMEMBCONSTRDECL,,SEMACTCREATEMEMBCONSTRDECL → &epsilon,SEMACTCREATEMEMBCONSTRDECL → &epsilon,,,,,,,,,,,,,,,SEMACTCREATEMEMBCONSTRDECL → &epsilon,,,,,,,,,,,,,,,,,SEMACTCREATEMEMBCONSTRDECL → &epsilon,SEMACTCREATEMEMBCONSTRDECL → &epsilon,,SEMACTCREATEMEMBCONSTRDECL → &epsilon,,,,,,,,,,
SEMACTCREATEFPARAMSLIST,,,,,,SEMACTCREATEFPARAMSLIST → &epsilon,,,,,,,,,,,,,,,,,,,,,,,,,,,,,,,,,,,,,,,,,,
SEMACTCREATEMEMBFUNCDECL,,,,,,,,,,,,,,,,,,,,,,,,,,,,,,,,,,,,,,,,,,,,,,,,
SEMACTCREATEDIMLIST,,,,,,SEMACTCREATEDIMLIST → &epsilon,,,,SEMACTCREATEDIMLIST → &epsilon,,,,,,,,,,,,,SEMACTCREATEDIMLIST → &epsilon,,,,,,,,,,,,,,,,,,,,,,,,,
SEMACTCREATEMEMBVARDECL,,SEMACTCREATEMEMBVARDECL → &epsilon,SEMACTCREATEMEMBVARDECL → &epsilon,,,,,,,,,,,,,,,SEMACTCREATEMEMBVARDECL → &epsilon,,,,,,,,,,,,,,,,,SEMACTCREATEMEMBVARDECL → &epsilon,SEMACTCREATEMEMBVARDECL → &epsilon,,SEMACTCREATEMEMBVARDECL → &epsilon,,,,,,,,,,
SEMACTCREATEFPARAM,,,,,,SEMACTCREATEFPARAM → &epsilon,,,,,,,,,,,,,,,,,SEMACTCREATEFPARAM → &epsilon,,,,,,,,,,,,,,,,,,,,,,,,,
SEMACTCREATEAPARAMS,,,,,,SEMACTCREATEAPARAMS → &epsilon,,,,,,,,,,,,,,,,,,,,,,,,,,,,,,,,,,,,,,,,,,
SEMACTCREATEVARDECL,,,,SEMACTCREATEVARDECL → &epsilon,,,,,,,SEMACTCREATEVARDECL → &epsilon,SEMACTCREATEVARDECL → &epsilon,SEMACTCREATEVARDECL → &epsilon,SEMACTCREATEVARDECL → &epsilon,,,SEMACTCREATEVARDECL → &epsilon,SEMACTCREATEVARDECL → &epsilon,,,,,,,,,,,,,,,,,,,,,SEMACTCREATEVARDECL → &epsilon,,,,,,,,,
SEMACTCREATEINDEXLIST,,,,,SEMACTCREATEINDEXLIST → &epsilon,SEMACTCREATEINDEXLIST → &epsilon,,,,,,,,,,,,,,SEMACTCREATEINDEXLIST → &epsilon,SEMACTCREATEINDEXLIST → &epsilon,,SEMACTCREATEINDEXLIST → &epsilon,SEMACTCREATEINDEXLIST → &epsilon,SEMACTCREATEINDEXLIST → &epsilon,SEMACTCREATEINDEXLIST → &epsilon,SEMACTCREATEINDEXLIST → &epsilon,SEMACTCREATEINDEXLIST → &epsilon,SEMACTCREATEINDEXLIST → &epsilon,,SEMACTCREATEINDEXLIST → &epsilon,SEMACTCREATEINDEXLIST → &epsilon,SEMACTCREATEINDEXLIST → &epsilon,,,,,,,SEMACTCREATEINDEXLIST → &epsilon,,,,,,,SEMACTCREATEINDEXLIST → &epsilon,SEMACTCREATEINDEXLIST → &epsilon
SEMACTCREATESTATBLOCK,,,,,,,,,,SEMACTCREATESTATBLOCK → &epsilon,,,,,SEMACTCREATESTATBLOCK → &epsilon,,,,,,,,,,,,,,,,,,,,,,,,,,,,,,,,,
SEMACTCREATEREADSTMT,,,,SEMACTCREATEREADSTMT → &epsilon,,,,,,SEMACTCREATEREADSTMT → &epsilon,SEMACTCREATEREADSTMT → &epsilon,SEMACTCREATEREADSTMT → &epsilon,SEMACTCREATEREADSTMT → &epsilon,SEMACTCREATEREADSTMT → &epsilon,SEMACTCREATEREADSTMT → &epsilon,,SEMACTCREATEREADSTMT → &epsilon,SEMACTCREATEREADSTMT → &epsilon,,,,,,,,,,,,,,,,,,,,,SEMACTCREATEREADSTMT → &epsilon,,,,,,,,,
SEMACTCREATEWRITESTMT,,,,SEMACTCREATEWRITESTMT → &epsilon,,,,,,SEMACTCREATEWRITESTMT → &epsilon,SEMACTCREATEWRITESTMT → &epsilon,SEMACTCREATEWRITESTMT → &epsilon,SEMACTCREATEWRITESTMT → &epsilon,SEMACTCREATEWRITESTMT → &epsilon,SEMACTCREATEWRITESTMT → &epsilon,,SEMACTCREATEWRITESTMT → &epsilon,SEMACTCREATEWRITESTMT → &epsilon,,,,,,,,,,,,,,,,,,,,,SEMACTCREATEWRITESTMT → &epsilon,,,,,,,,,
SEMACTCREATERETURNSTMT,,,,SEMACTCREATERETURNSTMT → &epsilon,,,,,,SEMACTCREATERETURNSTMT → &epsilon,SEMACTCREATERETURNSTMT → &epsilon,SEMACTCREATERETURNSTMT → &epsilon,SEMACTCREATERETURNSTMT → &epsilon,SEMACTCREATERETURNSTMT → &epsilon,SEMACTCREATERETURNSTMT → &epsilon,,SEMACTCREATERETURNSTMT → &epsilon,SEMACTCREATERETURNSTMT → &epsilon,,,,,,,,,,,,,,,,,,,,,SEMACTCREATERETURNSTMT → &epsilon,,,,,,,,,
SEMACTCREATEASSIGNSTMT,,,,,,,,,,,,,,,,,,,,,,,,,,,,,,,,,,,,,,,,,,,,,,,,
SEMACTCREATEWHILESTMT,,,,SEMACTCREATEWHILESTMT → &epsilon,,,,,,SEMACTCREATEWHILESTMT → &epsilon,SEMACTCREATEWHILESTMT → &epsilon,SEMACTCREATEWHILESTMT → &epsilon,SEMACTCREATEWHILESTMT → &epsilon,SEMACTCREATEWHILESTMT → &epsilon,SEMACTCREATEWHILESTMT → &epsilon,,SEMACTCREATEWHILESTMT → &epsilon,SEMACTCREATEWHILESTMT → &epsilon,,,,,,,,,,,,,,,,,,,,,SEMACTCREATEWHILESTMT → &epsilon,,,,,,,,,
SEMACTCREATEIFSTMT,,,,SEMACTCREATEIFSTMT → &epsilon,,,,,,SEMACTCREATEIFSTMT → &epsilon,SEMACTCREATEIFSTMT → &epsilon,SEMACTCREATEIFSTMT → &epsilon,SEMACTCREATEIFSTMT → &epsilon,SEMACTCREATEIFSTMT → &epsilon,SEMACTCREATEIFSTMT → &epsilon,,SEMACTCREATEIFSTMT → &epsilon,SEMACTCREATEIFSTMT → &epsilon,,,,,,,,,,,,,,,,,,,,,SEMACTCREATEIFSTMT → &epsilon,,,,,,,,,
SEMACTCREATENOT,,,,,,SEMACTCREATENOT → &epsilon,,,,,,,,,,,,,,SEMACTCREATENOT → &epsilon,SEMACTCREATENOT → &epsilon,,SEMACTCREATENOT → &epsilon,SEMACTCREATENOT → &epsilon,SEMACTCREATENOT → &epsilon,SEMACTCREATENOT → &epsilon,SEMACTCREATENOT → &epsilon,SEMACTCREATENOT → &epsilon,SEMACTCREATENOT → &epsilon,,SEMACTCREATENOT → &epsilon,SEMACTCREATENOT → &epsilon,SEMACTCREATENOT → &epsilon,,,,,,,SEMACTCREATENOT → &epsilon,,,,,,,,SEMACTCREATENOT → &epsilon
SEMACTCREATEDOT,,,,,,SEMACTCREATEDOT → &epsilon,,,,SEMACTCREATEDOT → &epsilon,,,,,,,,,,SEMACTCREATEDOT → &epsilon,SEMACTCREATEDOT → &epsilon,,SEMACTCREATEDOT → &epsilon,SEMACTCREATEDOT → &epsilon,SEMACTCREATEDOT → &epsilon,SEMACTCREATEDOT → &epsilon,SEMACTCREATEDOT → &epsilon,SEMACTCREATEDOT → &epsilon,SEMACTCREATEDOT → &epsilon,,SEMACTCREATEDOT → &epsilon,SEMACTCREATEDOT → &epsilon,SEMACTCREATEDOT → &epsilon,,,,,,,SEMACTCREATEDOT → &epsilon,,,,,,,,SEMACTCREATEDOT → &epsilon
SEMACTCREATEDATAMEMBER,,,,,SEMACTCREATEDATAMEMBER → &epsilon,SEMACTCREATEDATAMEMBER → &epsilon,,,,,,,,,,,,,,SEMACTCREATEDATAMEMBER → &epsilon,SEMACTCREATEDATAMEMBER → &epsilon,,SEMACTCREATEDATAMEMBER → &epsilon,SEMACTCREATEDATAMEMBER → &epsilon,SEMACTCREATEDATAMEMBER → &epsilon,SEMACTCREATEDATAMEMBER → &epsilon,SEMACTCREATEDATAMEMBER → &epsilon,SEMACTCREATEDATAMEMBER → &epsilon,SEMACTCREATEDATAMEMBER → &epsilon,,SEMACTCREATEDATAMEMBER → &epsilon,SEMACTCREATEDATAMEMBER → &epsilon,SEMACTCREATEDATAMEMBER → &epsilon,,,,,,,SEMACTCREATEDATAMEMBER → &epsilon,,,,,,,SEMACTCREATEDATAMEMBER → &epsilon,SEMACTCREATEDATAMEMBER → &epsilon
SEMACTCREATEFUNCCALL,,,,,SEMACTCREATEFUNCCALL → &epsilon,SEMACTCREATEFUNCCALL → &epsilon,,,,,,,,,,,,,,,,,,,,,,,,,,,,,,,,,,,,,,,,,,
SEMACTCREATEFUNCBODYLIST,SEMACTCREATEFUNCBODYLIST → &epsilon,,,,,,,,,,,,,,,,,,,,,,,,,,,,,,,,,,,,,SEMACTCREATEFUNCBODYLIST → &epsilon,,,,,,,,SEMACTCREATEFUNCBODYLIST → &epsilon,,
SEMACTMIGRATETOFUNCDEF,,,,,,,,,,,,,,,,,,,SEMACTMIGRATETOFUNCDEF → &epsilon,,,,,,,,,,,,,,,,,,,,,,,,,,,,,
SEMACTAPPENDTOFUNCDEF,SEMACTAPPENDTOFUNCDEF → &epsilon,,,,,,,,,,,,,,,,,,,,,,,,,,,,,,,,,,,,,SEMACTAPPENDTOFUNCDEF → &epsilon,,,,,,,,SEMACTAPPENDTOFUNCDEF → &epsilon,,
SEMACTCREATEFUNCHEAD,,,,,,,,,,,,,,,,,,,SEMACTCREATEFUNCHEAD → &epsilon,,,,,,,,,,,,,,,,,,,,,,,,,,,,,
